Frame ID,Material,Color,Width (inches),Style,Finish,Category,Availability,Image Filename,description
F0001,Wood,Champagne,2.0,Minimalist,Matte,Photography,Discontinued,F0001.png,"A Minimalist style frame made of Wood, finished in Matte champagne, with a width of 2.0 inches."
F0002,Composite,Gold,2.5,Vintage,Matte,Gallery,Discontinued,F0002.png,"A Vintage style frame made of Composite, finished in Matte gold, with a width of 2.5 inches."
F0003,Metal,Espresso,1.25,Minimalist,Matte,Photography,Discontinued,F0003.png,"A Minimalist style frame made of Metal, finished in Matte espresso, with a width of 1.25 inches."
F0004,Composite,Champagne,2.25,Rustic,Brushed,Home Decor,In Stock,F0004.png,"A Rustic style frame made of Composite, finished in Brushed champagne, with a width of 2.25 inches."
F0005,Composite,Gold,2.25,Modern,Matte,Gallery,In Stock,F0005.png,"A Modern style frame made of Composite, finished in Matte gold, with a width of 2.25 inches."
F0006,Metal,Gold,0.75,Minimalist,Satin,Museum,Discontinued,F0006.png,"A Minimalist style frame made of Metal, finished in Satin gold, with a width of 0.75 inches."
F0007,Metal,Walnut,1.0,Rustic,Brushed,Museum,Low Stock,F0007.png,"A Rustic style frame made of Metal, finished in Brushed walnut, with a width of 1.0 inches."
F0008,Composite,Silver,2.5,Classic,Glossy,Home Decor,Discontinued,F0008.png,"A Classic style frame made of Composite, finished in Glossy silver, with a width of 2.5 inches."
F0009,Composite,Natural,1.5,Baroque,Matte,Photography,Low Stock,F0009.png,"A Baroque style frame made of Composite, finished in Matte natural, with a width of 1.5 inches."
F0010,Metal,Espresso,0.5,Baroque,Glossy,Photography,Discontinued,F0010.png,"A Baroque style frame made of Metal, finished in Glossy espresso, with a width of 0.5 inches."
F0011,Metal,Silver,1.0,Vintage,Glossy,Poster,Discontinued,F0011.png,"A Vintage style frame made of Metal, finished in Glossy silver, with a width of 1.0 inches."
F0012,Metal,White,3.0,Modern,Matte,Poster,In Stock,F0012.png,"A Modern style frame made of Metal, finished in Matte white, with a width of 3.0 inches."
F0013,Metal,White,2.5,Modern,Brushed,Poster,Low Stock,F0013.png,"A Modern style frame made of Metal, finished in Brushed white, with a width of 2.5 inches."
F0014,Composite,Espresso,0.75,Rustic,Satin,Home Decor,Low Stock,F0014.png,"A Rustic style frame made of Composite, finished in Satin espresso, with a width of 0.75 inches."
F0015,Composite,Walnut,2.0,Vintage,Glossy,Museum,Discontinued,F0015.png,"A Vintage style frame made of Composite, finished in Glossy walnut, with a width of 2.0 inches."
F0016,Composite,Black,2.25,Modern,Satin,Museum,In Stock,F0016.png,"A Modern style frame made of Composite, finished in Satin black, with a width of 2.25 inches."
F0017,Wood,Silver,1.25,Rustic,Satin,Gallery,In Stock,F0017.png,"A Rustic style frame made of Wood, finished in Satin silver, with a width of 1.25 inches."
F0018,Composite,White,0.5,Minimalist,Brushed,Home Decor,In Stock,F0018.png,"A Minimalist style frame made of Composite, finished in Brushed white, with a width of 0.5 inches."
F0019,Composite,Silver,1.0,Modern,Brushed,Museum,Low Stock,F0019.png,"A Modern style frame made of Composite, finished in Brushed silver, with a width of 1.0 inches."
F0020,Composite,Gold,1.5,Rustic,Satin,Gallery,In Stock,F0020.png,"A Rustic style frame made of Composite, finished in Satin gold, with a width of 1.5 inches."
F0021,Composite,Champagne,2.0,Classic,Satin,Museum,Low Stock,F0021.png,"A Classic style frame made of Composite, finished in Satin champagne, with a width of 2.0 inches."
F0022,Wood,Charcoal,1.0,Modern,Matte,Gallery,Discontinued,F0022.png,"A Modern style frame made of Wood, finished in Matte charcoal, with a width of 1.0 inches."
F0023,Metal,Charcoal,0.75,Baroque,Matte,Poster,Low Stock,F0023.png,"A Baroque style frame made of Metal, finished in Matte charcoal, with a width of 0.75 inches."
F0024,Metal,Natural,2.25,Baroque,Glossy,Museum,In Stock,F0024.png,"A Baroque style frame made of Metal, finished in Glossy natural, with a width of 2.25 inches."
F0025,Composite,Natural,1.5,Minimalist,Glossy,Poster,In Stock,F0025.png,"A Minimalist style frame made of Composite, finished in Glossy natural, with a width of 1.5 inches."
F0026,Composite,Black,2.25,Modern,Glossy,Poster,Discontinued,F0026.png,"A Modern style frame made of Composite, finished in Glossy black, with a width of 2.25 inches."
F0027,Metal,Champagne,0.5,Minimalist,Brushed,Home Decor,In Stock,F0027.png,"A Minimalist style frame made of Metal, finished in Brushed champagne, with a width of 0.5 inches."
F0028,Metal,Natural,1.5,Minimalist,Brushed,Photography,Low Stock,F0028.png,"A Minimalist style frame made of Metal, finished in Brushed natural, with a width of 1.5 inches."
F0029,Composite,Black,2.25,Baroque,Matte,Photography,Discontinued,F0029.png,"A Baroque style frame made of Composite, finished in Matte black, with a width of 2.25 inches."
F0030,Wood,Espresso,2.25,Minimalist,Satin,Gallery,Discontinued,F0030.png,"A Minimalist style frame made of Wood, finished in Satin espresso, with a width of 2.25 inches."
F0031,Metal,Espresso,1.25,Minimalist,Satin,Photography,Discontinued,F0031.png,"A Minimalist style frame made of Metal, finished in Satin espresso, with a width of 1.25 inches."
F0032,Composite,Gold,2.5,Modern,Satin,Home Decor,In Stock,F0032.png,"A Modern style frame made of Composite, finished in Satin gold, with a width of 2.5 inches."
F0033,Metal,Black,3.0,Baroque,Matte,Photography,Low Stock,F0033.png,"A Baroque style frame made of Metal, finished in Matte black, with a width of 3.0 inches."
F0034,Wood,Oak,2.5,Modern,Brushed,Gallery,Low Stock,F0034.png,"A Modern style frame made of Wood, finished in Brushed oak, with a width of 2.5 inches."
F0035,Metal,Charcoal,2.25,Classic,Glossy,Poster,In Stock,F0035.png,"A Classic style frame made of Metal, finished in Glossy charcoal, with a width of 2.25 inches."
F0036,Metal,Charcoal,3.0,Baroque,Matte,Museum,Discontinued,F0036.png,"A Baroque style frame made of Metal, finished in Matte charcoal, with a width of 3.0 inches."
F0037,Wood,Walnut,2.25,Vintage,Satin,Photography,Low Stock,F0037.png,"A Vintage style frame made of Wood, finished in Satin walnut, with a width of 2.25 inches."
F0038,Composite,Gold,3.0,Modern,Matte,Poster,Low Stock,F0038.png,"A Modern style frame made of Composite, finished in Matte gold, with a width of 3.0 inches."
F0039,Composite,Walnut,2.0,Classic,Brushed,Museum,Discontinued,F0039.png,"A Classic style frame made of Composite, finished in Brushed walnut, with a width of 2.0 inches."
F0040,Wood,Espresso,0.75,Baroque,Glossy,Home Decor,Discontinued,F0040.png,"A Baroque style frame made of Wood, finished in Glossy espresso, with a width of 0.75 inches."
F0041,Composite,Walnut,1.5,Baroque,Satin,Home Decor,In Stock,F0041.png,"A Baroque style frame made of Composite, finished in Satin walnut, with a width of 1.5 inches."
F0042,Metal,Charcoal,1.25,Minimalist,Brushed,Gallery,Discontinued,F0042.png,"A Minimalist style frame made of Metal, finished in Brushed charcoal, with a width of 1.25 inches."
F0043,Composite,Espresso,2.25,Classic,Satin,Poster,In Stock,F0043.png,"A Classic style frame made of Composite, finished in Satin espresso, with a width of 2.25 inches."
F0044,Composite,White,2.0,Classic,Matte,Photography,In Stock,F0044.png,"A Classic style frame made of Composite, finished in Matte white, with a width of 2.0 inches."
F0045,Wood,Charcoal,0.5,Minimalist,Brushed,Museum,In Stock,F0045.png,"A Minimalist style frame made of Wood, finished in Brushed charcoal, with a width of 0.5 inches."
F0046,Metal,Walnut,2.5,Rustic,Matte,Poster,Discontinued,F0046.png,"A Rustic style frame made of Metal, finished in Matte walnut, with a width of 2.5 inches."
F0047,Metal,Walnut,0.5,Classic,Glossy,Home Decor,Low Stock,F0047.png,"A Classic style frame made of Metal, finished in Glossy walnut, with a width of 0.5 inches."
F0048,Composite,Silver,1.0,Baroque,Glossy,Home Decor,Low Stock,F0048.png,"A Baroque style frame made of Composite, finished in Glossy silver, with a width of 1.0 inches."
F0049,Wood,Natural,2.0,Baroque,Satin,Gallery,In Stock,F0049.png,"A Baroque style frame made of Wood, finished in Satin natural, with a width of 2.0 inches."
F0050,Composite,Charcoal,3.0,Classic,Satin,Photography,Low Stock,F0050.png,"A Classic style frame made of Composite, finished in Satin charcoal, with a width of 3.0 inches."
F0051,Wood,Oak,2.25,Classic,Matte,Gallery,Low Stock,F0051.png,"A Classic style frame made of Wood, finished in Matte oak, with a width of 2.25 inches."
F0052,Wood,Silver,3.0,Modern,Brushed,Poster,Low Stock,F0052.png,"A Modern style frame made of Wood, finished in Brushed silver, with a width of 3.0 inches."
F0053,Metal,Charcoal,1.25,Vintage,Matte,Photography,Low Stock,F0053.png,"A Vintage style frame made of Metal, finished in Matte charcoal, with a width of 1.25 inches."
F0054,Composite,Oak,3.0,Modern,Matte,Gallery,Low Stock,F0054.png,"A Modern style frame made of Composite, finished in Matte oak, with a width of 3.0 inches."
F0055,Composite,Charcoal,1.0,Baroque,Satin,Museum,In Stock,F0055.png,"A Baroque style frame made of Composite, finished in Satin charcoal, with a width of 1.0 inches."
F0056,Metal,Black,2.25,Vintage,Matte,Photography,In Stock,F0056.png,"A Vintage style frame made of Metal, finished in Matte black, with a width of 2.25 inches."
F0057,Wood,Espresso,0.5,Modern,Matte,Poster,In Stock,F0057.png,"A Modern style frame made of Wood, finished in Matte espresso, with a width of 0.5 inches."
F0058,Composite,Gold,1.5,Minimalist,Glossy,Museum,In Stock,F0058.png,"A Minimalist style frame made of Composite, finished in Glossy gold, with a width of 1.5 inches."
F0059,Composite,Espresso,1.0,Minimalist,Satin,Gallery,Discontinued,F0059.png,"A Minimalist style frame made of Composite, finished in Satin espresso, with a width of 1.0 inches."
F0060,Metal,Natural,1.5,Vintage,Brushed,Gallery,Low Stock,F0060.png,"A Vintage style frame made of Metal, finished in Brushed natural, with a width of 1.5 inches."
F0061,Metal,Espresso,2.25,Classic,Satin,Photography,Low Stock,F0061.png,"A Classic style frame made of Metal, finished in Satin espresso, with a width of 2.25 inches."
F0062,Composite,Champagne,1.5,Vintage,Glossy,Museum,In Stock,F0062.png,"A Vintage style frame made of Composite, finished in Glossy champagne, with a width of 1.5 inches."
F0063,Wood,Silver,2.25,Rustic,Matte,Museum,Discontinued,F0063.png,"A Rustic style frame made of Wood, finished in Matte silver, with a width of 2.25 inches."
F0064,Metal,Walnut,1.5,Minimalist,Matte,Home Decor,Discontinued,F0064.png,"A Minimalist style frame made of Metal, finished in Matte walnut, with a width of 1.5 inches."
F0065,Wood,Walnut,2.25,Minimalist,Satin,Poster,In Stock,F0065.png,"A Minimalist style frame made of Wood, finished in Satin walnut, with a width of 2.25 inches."
F0066,Metal,Black,0.5,Rustic,Satin,Gallery,Discontinued,F0066.png,"A Rustic style frame made of Metal, finished in Satin black, with a width of 0.5 inches."
F0067,Wood,Champagne,2.25,Vintage,Satin,Photography,Discontinued,F0067.png,"A Vintage style frame made of Wood, finished in Satin champagne, with a width of 2.25 inches."
F0068,Composite,Oak,0.75,Rustic,Satin,Gallery,In Stock,F0068.png,"A Rustic style frame made of Composite, finished in Satin oak, with a width of 0.75 inches."
F0069,Composite,Champagne,1.5,Rustic,Matte,Museum,Low Stock,F0069.png,"A Rustic style frame made of Composite, finished in Matte champagne, with a width of 1.5 inches."
F0070,Wood,Gold,1.25,Minimalist,Satin,Photography,In Stock,F0070.png,"A Minimalist style frame made of Wood, finished in Satin gold, with a width of 1.25 inches."
F0071,Wood,Natural,2.5,Minimalist,Brushed,Poster,In Stock,F0071.png,"A Minimalist style frame made of Wood, finished in Brushed natural, with a width of 2.5 inches."
F0072,Composite,Oak,0.75,Classic,Matte,Photography,Low Stock,F0072.png,"A Classic style frame made of Composite, finished in Matte oak, with a width of 0.75 inches."
F0073,Composite,Walnut,0.5,Modern,Brushed,Home Decor,In Stock,F0073.png,"A Modern style frame made of Composite, finished in Brushed walnut, with a width of 0.5 inches."
F0074,Metal,Gold,0.75,Minimalist,Glossy,Museum,Low Stock,F0074.png,"A Minimalist style frame made of Metal, finished in Glossy gold, with a width of 0.75 inches."
F0075,Wood,White,1.5,Minimalist,Glossy,Museum,Discontinued,F0075.png,"A Minimalist style frame made of Wood, finished in Glossy white, with a width of 1.5 inches."
F0076,Wood,Natural,1.25,Modern,Glossy,Museum,In Stock,F0076.png,"A Modern style frame made of Wood, finished in Glossy natural, with a width of 1.25 inches."
F0077,Metal,Black,1.25,Minimalist,Satin,Gallery,Discontinued,F0077.png,"A Minimalist style frame made of Metal, finished in Satin black, with a width of 1.25 inches."
F0078,Metal,Gold,2.0,Modern,Glossy,Photography,Discontinued,F0078.png,"A Modern style frame made of Metal, finished in Glossy gold, with a width of 2.0 inches."
F0079,Metal,Espresso,3.0,Vintage,Glossy,Photography,Discontinued,F0079.png,"A Vintage style frame made of Metal, finished in Glossy espresso, with a width of 3.0 inches."
F0080,Composite,Gold,0.75,Baroque,Matte,Poster,In Stock,F0080.png,"A Baroque style frame made of Composite, finished in Matte gold, with a width of 0.75 inches."
F0081,Wood,Espresso,2.0,Baroque,Brushed,Photography,Discontinued,F0081.png,"A Baroque style frame made of Wood, finished in Brushed espresso, with a width of 2.0 inches."
F0082,Wood,Walnut,1.5,Classic,Matte,Museum,In Stock,F0082.png,"A Classic style frame made of Wood, finished in Matte walnut, with a width of 1.5 inches."
F0083,Wood,Gold,2.25,Baroque,Matte,Photography,Discontinued,F0083.png,"A Baroque style frame made of Wood, finished in Matte gold, with a width of 2.25 inches."
F0084,Metal,Black,1.25,Vintage,Glossy,Gallery,Discontinued,F0084.png,"A Vintage style frame made of Metal, finished in Glossy black, with a width of 1.25 inches."
F0085,Composite,Silver,2.25,Rustic,Glossy,Museum,Low Stock,F0085.png,"A Rustic style frame made of Composite, finished in Glossy silver, with a width of 2.25 inches."
F0086,Metal,Oak,2.0,Vintage,Glossy,Home Decor,In Stock,F0086.png,"A Vintage style frame made of Metal, finished in Glossy oak, with a width of 2.0 inches."
F0087,Composite,Gold,2.0,Minimalist,Satin,Photography,Low Stock,F0087.png,"A Minimalist style frame made of Composite, finished in Satin gold, with a width of 2.0 inches."
F0088,Composite,White,3.0,Classic,Matte,Gallery,In Stock,F0088.png,"A Classic style frame made of Composite, finished in Matte white, with a width of 3.0 inches."
F0089,Composite,Natural,3.0,Rustic,Brushed,Gallery,Discontinued,F0089.png,"A Rustic style frame made of Composite, finished in Brushed natural, with a width of 3.0 inches."
F0090,Composite,Silver,2.5,Modern,Matte,Home Decor,Discontinued,F0090.png,"A Modern style frame made of Composite, finished in Matte silver, with a width of 2.5 inches."
F0091,Wood,White,2.0,Rustic,Matte,Gallery,Low Stock,F0091.png,"A Rustic style frame made of Wood, finished in Matte white, with a width of 2.0 inches."
F0092,Composite,Oak,3.0,Minimalist,Matte,Home Decor,Discontinued,F0092.png,"A Minimalist style frame made of Composite, finished in Matte oak, with a width of 3.0 inches."
F0093,Wood,White,0.5,Classic,Glossy,Museum,In Stock,F0093.png,"A Classic style frame made of Wood, finished in Glossy white, with a width of 0.5 inches."
F0094,Wood,Natural,2.25,Vintage,Brushed,Museum,Discontinued,F0094.png,"A Vintage style frame made of Wood, finished in Brushed natural, with a width of 2.25 inches."
F0095,Wood,Gold,0.5,Minimalist,Satin,Gallery,Discontinued,F0095.png,"A Minimalist style frame made of Wood, finished in Satin gold, with a width of 0.5 inches."
F0096,Wood,Oak,1.5,Vintage,Matte,Photography,Low Stock,F0096.png,"A Vintage style frame made of Wood, finished in Matte oak, with a width of 1.5 inches."
F0097,Wood,Oak,0.75,Classic,Brushed,Poster,Discontinued,F0097.png,"A Classic style frame made of Wood, finished in Brushed oak, with a width of 0.75 inches."
F0098,Metal,Silver,1.5,Vintage,Brushed,Museum,In Stock,F0098.png,"A Vintage style frame made of Metal, finished in Brushed silver, with a width of 1.5 inches."
F0099,Wood,Natural,1.5,Modern,Satin,Museum,Low Stock,F0099.png,"A Modern style frame made of Wood, finished in Satin natural, with a width of 1.5 inches."
F0100,Composite,Natural,2.25,Modern,Brushed,Home Decor,Discontinued,F0100.png,"A Modern style frame made of Composite, finished in Brushed natural, with a width of 2.25 inches."
F0101,Wood,Oak,1.0,Vintage,Satin,Poster,Discontinued,F0101.png,"A Vintage style frame made of Wood, finished in Satin oak, with a width of 1.0 inches."
F0102,Metal,Black,2.5,Classic,Satin,Photography,Low Stock,F0102.png,"A Classic style frame made of Metal, finished in Satin black, with a width of 2.5 inches."
F0103,Wood,Espresso,2.25,Vintage,Glossy,Museum,Discontinued,F0103.png,"A Vintage style frame made of Wood, finished in Glossy espresso, with a width of 2.25 inches."
F0104,Wood,Champagne,2.0,Baroque,Brushed,Museum,Discontinued,F0104.png,"A Baroque style frame made of Wood, finished in Brushed champagne, with a width of 2.0 inches."
F0105,Metal,Gold,1.0,Rustic,Satin,Poster,In Stock,F0105.png,"A Rustic style frame made of Metal, finished in Satin gold, with a width of 1.0 inches."
F0106,Metal,Black,1.5,Rustic,Glossy,Museum,In Stock,F0106.png,"A Rustic style frame made of Metal, finished in Glossy black, with a width of 1.5 inches."
F0107,Composite,Silver,2.25,Classic,Glossy,Gallery,Low Stock,F0107.png,"A Classic style frame made of Composite, finished in Glossy silver, with a width of 2.25 inches."
F0108,Metal,Champagne,1.25,Modern,Matte,Gallery,Discontinued,F0108.png,"A Modern style frame made of Metal, finished in Matte champagne, with a width of 1.25 inches."
F0109,Wood,White,1.5,Modern,Satin,Home Decor,In Stock,F0109.png,"A Modern style frame made of Wood, finished in Satin white, with a width of 1.5 inches."
F0110,Wood,White,3.0,Minimalist,Glossy,Photography,Low Stock,F0110.png,"A Minimalist style frame made of Wood, finished in Glossy white, with a width of 3.0 inches."
F0111,Wood,Gold,1.25,Baroque,Matte,Museum,In Stock,F0111.png,"A Baroque style frame made of Wood, finished in Matte gold, with a width of 1.25 inches."
F0112,Metal,Natural,1.25,Rustic,Brushed,Museum,Low Stock,F0112.png,"A Rustic style frame made of Metal, finished in Brushed natural, with a width of 1.25 inches."
F0113,Composite,Walnut,0.75,Modern,Satin,Gallery,Discontinued,F0113.png,"A Modern style frame made of Composite, finished in Satin walnut, with a width of 0.75 inches."
F0114,Wood,Oak,0.75,Rustic,Glossy,Photography,Low Stock,F0114.png,"A Rustic style frame made of Wood, finished in Glossy oak, with a width of 0.75 inches."
F0115,Wood,Espresso,2.25,Classic,Satin,Poster,In Stock,F0115.png,"A Classic style frame made of Wood, finished in Satin espresso, with a width of 2.25 inches."
F0116,Metal,Oak,1.0,Minimalist,Brushed,Poster,Discontinued,F0116.png,"A Minimalist style frame made of Metal, finished in Brushed oak, with a width of 1.0 inches."
F0117,Composite,Black,2.25,Baroque,Satin,Poster,In Stock,F0117.png,"A Baroque style frame made of Composite, finished in Satin black, with a width of 2.25 inches."
F0118,Metal,Natural,2.5,Modern,Brushed,Museum,Discontinued,F0118.png,"A Modern style frame made of Metal, finished in Brushed natural, with a width of 2.5 inches."
F0119,Metal,Walnut,2.25,Modern,Glossy,Museum,Discontinued,F0119.png,"A Modern style frame made of Metal, finished in Glossy walnut, with a width of 2.25 inches."
F0120,Wood,Walnut,0.75,Minimalist,Matte,Photography,Discontinued,F0120.png,"A Minimalist style frame made of Wood, finished in Matte walnut, with a width of 0.75 inches."
F0121,Composite,Oak,1.0,Vintage,Satin,Gallery,In Stock,F0121.png,"A Vintage style frame made of Composite, finished in Satin oak, with a width of 1.0 inches."
F0122,Metal,White,2.25,Vintage,Matte,Home Decor,Low Stock,F0122.png,"A Vintage style frame made of Metal, finished in Matte white, with a width of 2.25 inches."
F0123,Metal,Gold,3.0,Vintage,Satin,Home Decor,In Stock,F0123.png,"A Vintage style frame made of Metal, finished in Satin gold, with a width of 3.0 inches."
F0124,Metal,Silver,2.25,Classic,Brushed,Poster,Discontinued,F0124.png,"A Classic style frame made of Metal, finished in Brushed silver, with a width of 2.25 inches."
F0125,Wood,Gold,2.0,Rustic,Glossy,Museum,Discontinued,F0125.png,"A Rustic style frame made of Wood, finished in Glossy gold, with a width of 2.0 inches."
F0126,Composite,Walnut,3.0,Baroque,Satin,Gallery,Discontinued,F0126.png,"A Baroque style frame made of Composite, finished in Satin walnut, with a width of 3.0 inches."
F0127,Composite,Champagne,3.0,Classic,Matte,Poster,Discontinued,F0127.png,"A Classic style frame made of Composite, finished in Matte champagne, with a width of 3.0 inches."
F0128,Wood,Natural,1.5,Rustic,Brushed,Museum,In Stock,F0128.png,"A Rustic style frame made of Wood, finished in Brushed natural, with a width of 1.5 inches."
F0129,Metal,Gold,1.5,Rustic,Matte,Gallery,Discontinued,F0129.png,"A Rustic style frame made of Metal, finished in Matte gold, with a width of 1.5 inches."
F0130,Composite,Espresso,1.0,Modern,Brushed,Museum,In Stock,F0130.png,"A Modern style frame made of Composite, finished in Brushed espresso, with a width of 1.0 inches."
F0131,Composite,Silver,1.25,Classic,Brushed,Museum,Discontinued,F0131.png,"A Classic style frame made of Composite, finished in Brushed silver, with a width of 1.25 inches."
F0132,Wood,Charcoal,1.0,Baroque,Satin,Museum,In Stock,F0132.png,"A Baroque style frame made of Wood, finished in Satin charcoal, with a width of 1.0 inches."
F0133,Metal,White,2.25,Minimalist,Matte,Poster,In Stock,F0133.png,"A Minimalist style frame made of Metal, finished in Matte white, with a width of 2.25 inches."
F0134,Metal,White,0.5,Vintage,Glossy,Home Decor,Discontinued,F0134.png,"A Vintage style frame made of Metal, finished in Glossy white, with a width of 0.5 inches."
F0135,Composite,Walnut,2.0,Classic,Glossy,Gallery,Discontinued,F0135.png,"A Classic style frame made of Composite, finished in Glossy walnut, with a width of 2.0 inches."
F0136,Wood,Silver,0.5,Modern,Satin,Gallery,In Stock,F0136.png,"A Modern style frame made of Wood, finished in Satin silver, with a width of 0.5 inches."
F0137,Wood,White,1.25,Baroque,Matte,Home Decor,Discontinued,F0137.png,"A Baroque style frame made of Wood, finished in Matte white, with a width of 1.25 inches."
F0138,Composite,Oak,0.5,Classic,Satin,Home Decor,In Stock,F0138.png,"A Classic style frame made of Composite, finished in Satin oak, with a width of 0.5 inches."
F0139,Wood,Charcoal,3.0,Baroque,Glossy,Museum,Discontinued,F0139.png,"A Baroque style frame made of Wood, finished in Glossy charcoal, with a width of 3.0 inches."
F0140,Wood,Black,0.75,Minimalist,Satin,Poster,Low Stock,F0140.png,"A Minimalist style frame made of Wood, finished in Satin black, with a width of 0.75 inches."
F0141,Wood,White,1.0,Modern,Matte,Home Decor,Low Stock,F0141.png,"A Modern style frame made of Wood, finished in Matte white, with a width of 1.0 inches."
F0142,Wood,White,1.5,Classic,Satin,Home Decor,Discontinued,F0142.png,"A Classic style frame made of Wood, finished in Satin white, with a width of 1.5 inches."
F0143,Metal,Natural,2.25,Rustic,Glossy,Museum,Low Stock,F0143.png,"A Rustic style frame made of Metal, finished in Glossy natural, with a width of 2.25 inches."
F0144,Wood,Espresso,2.25,Classic,Brushed,Home Decor,Low Stock,F0144.png,"A Classic style frame made of Wood, finished in Brushed espresso, with a width of 2.25 inches."
F0145,Metal,Espresso,0.5,Rustic,Matte,Museum,Discontinued,F0145.png,"A Rustic style frame made of Metal, finished in Matte espresso, with a width of 0.5 inches."
F0146,Composite,Black,3.0,Modern,Satin,Poster,In Stock,F0146.png,"A Modern style frame made of Composite, finished in Satin black, with a width of 3.0 inches."
F0147,Metal,Champagne,3.0,Minimalist,Brushed,Photography,In Stock,F0147.png,"A Minimalist style frame made of Metal, finished in Brushed champagne, with a width of 3.0 inches."
F0148,Wood,White,1.25,Vintage,Satin,Home Decor,In Stock,F0148.png,"A Vintage style frame made of Wood, finished in Satin white, with a width of 1.25 inches."
F0149,Wood,Silver,1.25,Minimalist,Satin,Museum,Low Stock,F0149.png,"A Minimalist style frame made of Wood, finished in Satin silver, with a width of 1.25 inches."
F0150,Wood,Black,1.25,Baroque,Glossy,Gallery,In Stock,F0150.png,"A Baroque style frame made of Wood, finished in Glossy black, with a width of 1.25 inches."
F0151,Composite,Oak,1.25,Classic,Brushed,Photography,Low Stock,F0151.png,"A Classic style frame made of Composite, finished in Brushed oak, with a width of 1.25 inches."
F0152,Composite,Gold,1.25,Vintage,Brushed,Museum,Discontinued,F0152.png,"A Vintage style frame made of Composite, finished in Brushed gold, with a width of 1.25 inches."
F0153,Composite,Walnut,1.0,Vintage,Glossy,Gallery,In Stock,F0153.png,"A Vintage style frame made of Composite, finished in Glossy walnut, with a width of 1.0 inches."
F0154,Composite,Silver,1.25,Rustic,Glossy,Gallery,In Stock,F0154.png,"A Rustic style frame made of Composite, finished in Glossy silver, with a width of 1.25 inches."
F0155,Wood,Gold,1.5,Classic,Glossy,Photography,In Stock,F0155.png,"A Classic style frame made of Wood, finished in Glossy gold, with a width of 1.5 inches."
F0156,Composite,Gold,2.25,Modern,Brushed,Museum,Discontinued,F0156.png,"A Modern style frame made of Composite, finished in Brushed gold, with a width of 2.25 inches."
F0157,Metal,Charcoal,0.5,Modern,Satin,Museum,Discontinued,F0157.png,"A Modern style frame made of Metal, finished in Satin charcoal, with a width of 0.5 inches."
F0158,Metal,Oak,1.0,Classic,Brushed,Gallery,Low Stock,F0158.png,"A Classic style frame made of Metal, finished in Brushed oak, with a width of 1.0 inches."
F0159,Composite,Champagne,0.75,Classic,Glossy,Photography,Low Stock,F0159.png,"A Classic style frame made of Composite, finished in Glossy champagne, with a width of 0.75 inches."
F0160,Wood,Black,2.25,Baroque,Glossy,Home Decor,In Stock,F0160.png,"A Baroque style frame made of Wood, finished in Glossy black, with a width of 2.25 inches."
F0161,Metal,Silver,3.0,Baroque,Satin,Poster,In Stock,F0161.png,"A Baroque style frame made of Metal, finished in Satin silver, with a width of 3.0 inches."
F0162,Wood,Espresso,1.5,Modern,Glossy,Poster,In Stock,F0162.png,"A Modern style frame made of Wood, finished in Glossy espresso, with a width of 1.5 inches."
F0163,Wood,Silver,2.0,Vintage,Glossy,Gallery,Low Stock,F0163.png,"A Vintage style frame made of Wood, finished in Glossy silver, with a width of 2.0 inches."
F0164,Composite,Silver,1.5,Baroque,Satin,Photography,Discontinued,F0164.png,"A Baroque style frame made of Composite, finished in Satin silver, with a width of 1.5 inches."
F0165,Metal,Champagne,2.25,Modern,Brushed,Gallery,Low Stock,F0165.png,"A Modern style frame made of Metal, finished in Brushed champagne, with a width of 2.25 inches."
F0166,Metal,Oak,0.5,Vintage,Glossy,Home Decor,Discontinued,F0166.png,"A Vintage style frame made of Metal, finished in Glossy oak, with a width of 0.5 inches."
F0167,Wood,Natural,2.0,Rustic,Matte,Museum,Discontinued,F0167.png,"A Rustic style frame made of Wood, finished in Matte natural, with a width of 2.0 inches."
F0168,Wood,Oak,2.0,Minimalist,Glossy,Home Decor,Low Stock,F0168.png,"A Minimalist style frame made of Wood, finished in Glossy oak, with a width of 2.0 inches."
F0169,Wood,Gold,2.5,Baroque,Satin,Photography,In Stock,F0169.png,"A Baroque style frame made of Wood, finished in Satin gold, with a width of 2.5 inches."
F0170,Composite,Silver,3.0,Modern,Matte,Gallery,In Stock,F0170.png,"A Modern style frame made of Composite, finished in Matte silver, with a width of 3.0 inches."
F0171,Wood,Espresso,2.25,Baroque,Matte,Photography,Discontinued,F0171.png,"A Baroque style frame made of Wood, finished in Matte espresso, with a width of 2.25 inches."
F0172,Wood,Charcoal,1.5,Baroque,Glossy,Photography,In Stock,F0172.png,"A Baroque style frame made of Wood, finished in Glossy charcoal, with a width of 1.5 inches."
F0173,Composite,White,1.5,Classic,Matte,Museum,Discontinued,F0173.png,"A Classic style frame made of Composite, finished in Matte white, with a width of 1.5 inches."
F0174,Composite,Walnut,2.0,Minimalist,Brushed,Photography,Low Stock,F0174.png,"A Minimalist style frame made of Composite, finished in Brushed walnut, with a width of 2.0 inches."
F0175,Metal,Silver,1.0,Modern,Satin,Gallery,In Stock,F0175.png,"A Modern style frame made of Metal, finished in Satin silver, with a width of 1.0 inches."
F0176,Composite,Black,2.5,Baroque,Brushed,Gallery,Low Stock,F0176.png,"A Baroque style frame made of Composite, finished in Brushed black, with a width of 2.5 inches."
F0177,Wood,Oak,2.5,Baroque,Glossy,Home Decor,Discontinued,F0177.png,"A Baroque style frame made of Wood, finished in Glossy oak, with a width of 2.5 inches."
F0178,Metal,Charcoal,0.5,Minimalist,Glossy,Poster,Low Stock,F0178.png,"A Minimalist style frame made of Metal, finished in Glossy charcoal, with a width of 0.5 inches."
F0179,Composite,Natural,3.0,Modern,Matte,Poster,Discontinued,F0179.png,"A Modern style frame made of Composite, finished in Matte natural, with a width of 3.0 inches."
F0180,Composite,Espresso,1.5,Rustic,Satin,Gallery,Discontinued,F0180.png,"A Rustic style frame made of Composite, finished in Satin espresso, with a width of 1.5 inches."
F0181,Metal,Charcoal,0.75,Minimalist,Brushed,Poster,In Stock,F0181.png,"A Minimalist style frame made of Metal, finished in Brushed charcoal, with a width of 0.75 inches."
F0182,Composite,Champagne,2.0,Baroque,Satin,Museum,Low Stock,F0182.png,"A Baroque style frame made of Composite, finished in Satin champagne, with a width of 2.0 inches."
F0183,Wood,Natural,2.0,Minimalist,Satin,Home Decor,Discontinued,F0183.png,"A Minimalist style frame made of Wood, finished in Satin natural, with a width of 2.0 inches."
F0184,Metal,Gold,1.0,Classic,Brushed,Home Decor,In Stock,F0184.png,"A Classic style frame made of Metal, finished in Brushed gold, with a width of 1.0 inches."
F0185,Wood,Oak,2.0,Classic,Glossy,Home Decor,In Stock,F0185.png,"A Classic style frame made of Wood, finished in Glossy oak, with a width of 2.0 inches."
F0186,Metal,White,1.25,Modern,Brushed,Home Decor,Low Stock,F0186.png,"A Modern style frame made of Metal, finished in Brushed white, with a width of 1.25 inches."
F0187,Composite,Espresso,1.5,Modern,Satin,Poster,Discontinued,F0187.png,"A Modern style frame made of Composite, finished in Satin espresso, with a width of 1.5 inches."
F0188,Wood,Oak,1.0,Rustic,Matte,Poster,In Stock,F0188.png,"A Rustic style frame made of Wood, finished in Matte oak, with a width of 1.0 inches."
F0189,Wood,Walnut,2.25,Vintage,Satin,Home Decor,In Stock,F0189.png,"A Vintage style frame made of Wood, finished in Satin walnut, with a width of 2.25 inches."
F0190,Metal,Black,1.25,Minimalist,Glossy,Gallery,Low Stock,F0190.png,"A Minimalist style frame made of Metal, finished in Glossy black, with a width of 1.25 inches."
F0191,Composite,Oak,1.5,Modern,Matte,Poster,In Stock,F0191.png,"A Modern style frame made of Composite, finished in Matte oak, with a width of 1.5 inches."
F0192,Metal,Champagne,3.0,Modern,Satin,Gallery,Discontinued,F0192.png,"A Modern style frame made of Metal, finished in Satin champagne, with a width of 3.0 inches."
F0193,Composite,Oak,2.5,Rustic,Matte,Home Decor,In Stock,F0193.png,"A Rustic style frame made of Composite, finished in Matte oak, with a width of 2.5 inches."
F0194,Wood,Gold,1.0,Minimalist,Matte,Home Decor,Low Stock,F0194.png,"A Minimalist style frame made of Wood, finished in Matte gold, with a width of 1.0 inches."
F0195,Composite,Espresso,1.5,Vintage,Brushed,Museum,Low Stock,F0195.png,"A Vintage style frame made of Composite, finished in Brushed espresso, with a width of 1.5 inches."
F0196,Composite,Black,0.75,Classic,Glossy,Gallery,In Stock,F0196.png,"A Classic style frame made of Composite, finished in Glossy black, with a width of 0.75 inches."
F0197,Wood,Champagne,2.5,Modern,Satin,Gallery,In Stock,F0197.png,"A Modern style frame made of Wood, finished in Satin champagne, with a width of 2.5 inches."
F0198,Metal,Walnut,1.25,Modern,Matte,Museum,Discontinued,F0198.png,"A Modern style frame made of Metal, finished in Matte walnut, with a width of 1.25 inches."
F0199,Metal,Silver,0.75,Baroque,Matte,Museum,Low Stock,F0199.png,"A Baroque style frame made of Metal, finished in Matte silver, with a width of 0.75 inches."
F0200,Composite,Black,2.25,Minimalist,Matte,Photography,Discontinued,F0200.png,"A Minimalist style frame made of Composite, finished in Matte black, with a width of 2.25 inches."
